Strain,Spacers,Array.Orientation,Repeat,Array,Spacer
C-125,TCACTGAAGACTCCACATCCAATGAGTGCGACGATT,Forward,GTCGCACTCTACATGAGTGCGTGGATTGAAAT,1,1
C-125,CTTACATCAAATTCCACGCACTCAGGCACACATC,Forward,GTCGCACTCTACATGAGTGCGTGGATTGAAAT,1,2
C-125,GAAGGAAATGAAGTTTTGATAAACTCCGTCTATACC,Forward,GTCGCACTCTACATGAGTGCGTGGATTGAAAT,1,3
C-125,CTAAAATCATCCGCCCAGCTCTGTAAGTTAGCCTT,Forward,GTCGCACTCTACATGAGTGCGTGGATTGAAAT,1,4
C-125,GGATTTTACGAGACATGGAGCGATATATAAACGCG,Forward,GTCGCACTCTACATGAGTGCGTGGATTGAAAT,1,5
C-125,TTAAGGGAGATGAATAACGATGACTAAAATCTTCAT,Forward,GTCGCACTCTACATGAGTGCGTGGATTGAAAT,1,6
C-125,CCCTTTTTGTCTTTGTCGAAATATGCCGCCTTTC,Forward,GTCGCACTCTACATGAGTGCGTGGATTGAAAT,1,7
C-125,ACTAACTAGGGGGATATGATCATGTTTAACCTGAG,Forward,GTCGCACTCTACATGAGTGCGTGGATTGAAAT,1,8
C-125,AAGAATACGCGCGCAACAAAAAAACTTTTAAAAA,Forward,GTCGCACTCTACATGAGTGCGTGGATTGAAAT,1,9
C-125,TATTTGTTGATCCCAAGTATCAATACCCCGACTCTT,Forward,GTCGCACTCTACATGAGTGCGTGGATTGAAAT,1,10
C-125,TCTCAACGTTGCCCTCAGGGCGTACTCTTTTACT,Forward,GTCGCACTCTACATGAGTGCGTGGATTGAAAT,1,11
C-125,TTGCGTGTAAATCATCACGACGCCCTGTCTTTG,Forward,GTCGCACTCTACATGAGTGCGTGGATTGAAAT,1,12
C-125,TTGATTTGTTATTGCCCTATCTAATTTTTGATCAA,Forward,GTCGCACTCTACATGAGTGCGTGGATTGAAAT,1,13
C-125,TTCGAAGAGAATCAAGATCTGATACTGCTTCCA,Forward,GTCGCACTCTACATGAGTGCGTGGATTGAAAT,1,14
C-125,TTCAAAAATTACAACCTCATGAGGTGTTAAATTCAC,Forward,GTCGCACTCTACATGAGTGCGTGGATTGAAAT,1,15
C-125,CATCGGTCTTAAATTCAAGACCTGTAGGATCTCCT,Forward,GTCGCACTCTACATGAGTGCGTGGATTGAAAT,2,1
C-125,TTTAAATTTGGTTTACTCCACCTAATGTAGTTATT,Forward,GTCGCACTCTACATGAGTGCGTGGATTGAAAT,2,2
C-125,ACAACCACGCATCGTAAACGATCAGCACAACCAC,Forward,GTCGCACTCTACATGAGTGCGTGGATTGAAAT,2,3
C-125,AATCTGATAAGCTTCCTCAAACCAAGCCCAACAAA,Forward,GTCGCACTCTACATGAGTGCGTGGATTGAAAT,2,4
C-125,CATCCAGACAACCACAGCAACGAGGAGTTGATC,Forward,GTCGCACTCTACATGAGTGCGTGGATTGAAAT,2,5
C-125,CAGCCCATTATATACTTAATTCCATTAGCTTTAT,Forward,GTCGCACTCTACATGAGTGCGTGGATTGAAAT,2,6
C-125,ACCGGGCTCCAGCATGGCCTGTGGGCGGCACTGGGC,Forward,GTCGCACTCTACATGAGTGCGTGGATTGAAAT,2,7
C-125,ATCAAAAAAGAACAGTGAAGAGGCCTTAAAAAAA,Forward,GTCGCACTCTACATGAGTGCGTGGATTGAAAT,2,8
C-125,CCCGATACGCTCCACAAGATCGACAATCCGTGAC,Forward,GTCGCACTCTACATGAGTGCGTGGATTGAAAT,2,9
C-125,CAAATGTATCTTTTTCCTGTGTTTCTGCATCAAAAA,Forward,GTCGCACTCTACATGAGTGCGTGGATTGAAAT,2,10
C-125,CTGCTCGCCGTGACACACCGCATTTGTGTGCATGTA,Forward,GTCGCACTCTACATGAGTGCGTGGATTGAAAT,2,11
C-125,TCTTAAATCTTTTATCAATTGCTCTCTTGTAACA,Forward,GTCGCACTCTACATGAGTGCGTGGATTGAAAT,2,12
C-125,CAAATGTTGTTTCTGGCATTGACTAATTCCCAT,Forward,GTCGCACTCTACATGAGTGCGTGGATTGAAAT,2,13
C-125,TGCTATCTTGTCTCTTAATTGTTGTAAGGCCTGT,Forward,GTCGCACTCTACATGAGTGCGTGGATTGAAAT,2,14
C-125,ACCCAAGACAATCGTGGGAAAGTAAGACCTGTCGT,Forward,GTCGCACTCTACATGAGTGCGTGGATTGAAAT,2,15
C-125,GCTCGATTGATGTACGGCATATCTGCTGTCAACAA,Forward,GTCGCACTCTACATGAGTGCGTGGATTGAAAT,2,16
C-125,TTGACGAGATATACACGAAGAATGTACCTGAAGG,Forward,GTCGCACTCTACATGAGTGCGTGGATTGAAAT,3,1
C-125,CCTTTGACGGAGAGGGGAACAGGAAATTAGAGAAG,Forward,GTCGCACTCTACATGAGTGCGTGGATTGAAAT,3,2
C-125,GTTGCGCACCGCTCCTTGCGGCGACGTGTCGGGC,Forward,GTCGCACTCTACATGAGTGCGTGGATTGAAAT,3,3
C-125,CCTACCGCGCGCCACGTCGTTAAATCCTCTAGCGTC,Forward,GTCGCACTCTACATGAGTGCGTGGATTGAAAT,3,4
C-125,TAGTATGTCGCGCAGCCTTGTCGTTACTCCTTC,Forward,GTCGCACTCTACATGAGTGCGTGGATTGAAAT,3,5
C-125,CAAGGCGTCGCGTCCGTAACCTCCTCGTACAGACAA,Forward,GTCGCACTCTACATGAGTGCGTGGATTGAAAT,3,6
C-125,AGATTTTAGGATACGGTAGATTTCCTCGAACACACGC,Forward,GTCGCACTCTACATGAGTGCGTGGATTGAAAT,3,7
C-125,CCTTATGAATGGATGGATAGGAACGGAAGAATGTC,Forward,GTCGCACTCTACATGAGTGCGTGGATTGAAAT,3,8
C-125,GTGCGGTAGATGATCCAGACTTTGATCGCCGTAATT,Forward,GTCGCACTCTACATGAGTGCGTGGATTGAAAT,3,9
C-125,GAAGTATGACAAGTTTGTAGGGCTTGAAAATTCATG,Forward,GTCGCACTCTACATGAGTGCGTGGATTGAAAT,3,10
C-125,TATCTGTTCGACCACTTCTACATGGTCGTGGTATT,Forward,GTCGCACTCTACATGAGTGCGTGGATTGAAAT,3,11
C-125,CATTCAAACAGAACAAGGGATTTTCGAACCAGAA,Forward,GTCGCACTCTACATGAGTGCGTGGATTGAAAT,3,12
C-125,GCCATGAATTTAGCCGTAAGAGACTTCAAACTGA,Forward,GTCGCACTCTACATGAGTGCGTGGATTGAAAT,3,13
C-125,CCTTATCGTCGTGTTAACATTGTAGGATATGAC,Forward,GTCGCACTCTACATGAGTGCGTGGATTGAAAT,3,14
C-125,ATTGAGGTAGGTATTGATTCGTTGGACATGATCAT,Forward,GTCGCACTCTACATGAGTGCGTGGATTGAAAT,4,1
C-125,GCGACATCATCCGACCCGCCAAAGACAATGTTTA,Forward,GTCGCACTCTACATGAGTGCGTGGATTGAAAT,4,2
C-125,ATCAACATCTATGTGGCTGGAATTTGGCTGAAATC,Forward,GTCGCACTCTACATGAGTGCGTGGATTGAAAT,4,3
C-125,CTCTGCTACCATCAAGTTTTTCTTGTACTTCAC,Forward,GTCGCACTCTACATGAGTGCGTGGATTGAAAT,4,4
C-125,ATTCCTCCTACATTTTTTTACGTGGTATAGTCCAC,Forward,GTCGCACTCTACATGAGTGCGTGGATTGAAAT,4,5
C-125,AAGGTTGGCTGTCATTTCGTTAACAGAAATTTCCG,Forward,GTCGCACTCTACATGAGTGCGTGGATTGAAAT,4,6
C-125,TCGAAAGTTTCGAGGAGTCTAACGGAGCGGAAGA,Forward,GTCGCACTCTACATGAGTGCGTGGATTGAAAT,4,7
C-125,CGCCCACTTACGAATAACAGCAAGAACGTGCATAA,Forward,GTCGCACTCTACATGAGTGCGTGGATTGAAAT,4,8
C-125,AAGAACTCCGTCAGTAACAGCACGAGCTAGGTTAA,Forward,GTCGCACTCTACATGAGTGCGTGGATTGAAAT,4,9
C-125,AATGCGTTGCACCCATCCGCCAGATACGAGACGG,Forward,GTCGCACTCTACATGAGTGCGTGGATTGAAAT,4,10
C-125,TTCTTTTGTCCATCGTTGGTGTTTTTCCATACAC,Forward,GTCGCACTCTACATGAGTGCGTGGATTGAAAT,4,11
C-125,TTTTGATGAACACCTATTGACATTAGGAACGAAA,Forward,GTCGCACTCTACATGAGTGCGTGGATTGAAAT,4,12
C-125,GGCCACTCTCGAAATCAATCAACCATGTGCTAGAG,Forward,GTCGCACTCTACATGAGTGCGTGGATTGAAAT,4,13
C-125,GCTTTCGACCTGATACGCTTCTTCGAACCACGCC,Forward,GTCGCACTCTACATGAGTGCGTGGATTGAAAT,4,14
C-125,ATTATCGTTAGGGTAGGGGTTACTATGAGATGAC,Forward,GTCGCACTCTACATGAGTGCGTGGATTGAAAT,4,15
C-125,CTAACTGCAACGTTATATACGCGGGCTGTCTTGA,Forward,GTCGCACTCTACATGAGTGCGTGGATTGAAAT,4,16
C-125,TGGTGTGGAGTATGGTCGTACTGTTCATCAGAC,Forward,GTCGCACTCTACATGAGTGCGTGGATTGAAAT,4,17
C-125,CCTTTGCGTTGATGTGCTCCCTTACACTGTGATTCG,Forward,GTCGCACTCTACATGAGTGCGTGGATTGAAAT,4,18
C-125,CGATCTCTTGATTAAGGTAATCAAGTTGCCTCTGT,Forward,GTCGCACTCTACATGAGTGCGTGGATTGAAAT,4,19
C-125,GTCTAGCGTCTAATTAGACGCTACCACTGTAGT,Forward,GTCGCACTCTACATGAGTGCGTGGATTGAAAT,4,20
C-125,ACACTGACCGCCTCCTATTTTTCAAAAGGGAAGTT,Forward,GTCGCACTCTACATGAGTGCGTGGATTGAAAT,4,21
C-125,AAATCCGAAATCCATTCCCGCTCGAAAAATAGGT,Forward,GTCGCACTCTACATGAGTGCGTGGATTGAAAT,4,22
C-125,CATTCTTCACGCTGTCTTTTCCATCTGTAGCATGT,Forward,GTCGCACTCTACATGAGTGCGTGGATTGAAAT,4,23
C-125,ACGAGAAGAACAAGAAACTACGTTGGTTTTTGAC,Forward,GTCGCACTCTACATGAGTGCGTGGATTGAAAT,4,24
C-125,TGATCGTTAAACTCCTCTAGCACTTTATCAGGTG,Forward,GTCGCACTCTACATGAGTGCGTGGATTGAAAT,4,25
C-125,TCGTCCGCCACTTCCGCCTGTAATTTCGGAATCTC,Forward,GTCGCACTCTACATGAGTGCGTGGATTGAAAT,4,26
C-125,CAAAGTGATCGGATCATTCGTTTAATCCCTCCCCTT,Forward,GTCGCACTCTACATGAGTGCGTGGATTGAAAT,4,27
C-125,ATCTCCCTTAAGAATTGTGATAGCTTGCTTTAA,Forward,GTCGCACTCTACATGAGTGCGTGGATTGAAAT,4,28
C-125,ACTTTAGAATTACACAAGCGTGCAACAGGAGGA,Forward,GTCGCACTCTACATGAGTGCGTGGATTGAAAT,4,29
C-125,GCTCCTTCCAGTCCGTAGGCTGATCACGGGGAGTG,Forward,GTCGCACTCTACATGAGTGCGTGGATTGAAAT,4,30
C-125,TAATCGTGTGTATAAATTTAAATCTGCTTCTCG,Forward,GTCGCACTCTACATGAGTGCGTGGATTGAAAT,4,31
C-125,TGACCACATGCCTACCTTCTCTTGTTGAGCTTG,Forward,GTCGCACTCTACATGAGTGCGTGGATTGAAAT,4,32
C-125,TAGGTATGAGGTTTTGTATTCCTCATCCGTCTTCAT,Forward,GTCGCACTCTACATGAGTGCGTGGATTGAAAT,4,33
C-125,AATTCTTATTCCCGCAATCTCGGCCATACGCAAGC,Forward,GTCGCACTCTACATGAGTGCGTGGATTGAAAT,4,34
C-125,GGAAATCTCTATTGGTGAGAAAAAGGGGAAAGG,Forward,GTCGCACTCTACATGAGTGCGTGGATTGAAAT,4,35
C-125,AAGAGAGGAGGTTACGCTTTGACTGGCGATACGTT,Forward,GTCGCACTCTACATGAGTGCGTGGATTGAAAT,5,1
C-125,TATCAAATTGCCAGTAGATGTTGAGATAGTCGACG,Forward,GTCGCACTCTACATGAGTGCGTGGATTGAAAT,5,2
C-125,TCCGATCGACGGTCTTGTGAATCTTGTAAAAGAA,Forward,GTCGCACTCTACATGAGTGCGTGGATTGAAAT,5,3
C-125,CGTCTAATTTTAAAGTGAACTTTTCAAGTAATTCAT,Forward,GTCGCACTCTACATGAGTGCGTGGATTGAAAT,5,4
C-125,ACCAGTTGTCATTGGTCTATCTCACCTCCCCTC,Forward,GTCGCACTCTACATGAGTGCGTGGATTGAAAT,5,5
C-125,AAGATTACCGAAAATCGTCGTAAACTTGTCGCGTAC,Forward,GTCGCACTCTACATGAGTGCGTGGATTGAAAT,5,6
C-125,CTTACTTGGAAAGGGATTGCTATGACATACGAAA,Forward,GTCGCACTCTACATGAGTGCGTGGATTGAAAT,5,7
C-125,AGCAGCTCACCGGCCAAGTGCAAGACACTACAGCCGT,Forward,GTCGCACTCTACATGAGTGCGTGGATTGAAAT,5,8
C-125,GCTTGCGTCATGTCGCGGAAATAGACGAGGTTTAG,Forward,GTCGCACTCTACATGAGTGCGTGGATTGAAAT,5,9
C-125,TCTAAATGATTTTAATTGCACAAAAAAGACCGAGTT,Forward,GTCGCACTCTACATGAGTGCGTGGATTGAAAT,5,10